{"cameraMode":{"drawMode":0,"name":"Shaded","section":"Shading Mode"},"sceneLighting":true,"audioPlay":false,"sceneViewState":{"showFog":true,"showMaterialUpdate":false,"showSkybox":true,"showFlares":true,"showImageEffects":true,"showParticleSystems":true},"in2DMode":false,"pivot":{"x":10.41342544555664,"y":0.8648991584777832,"z":8.26336669921875},"rotation":{"x":0.03148521110415459,"y":0.024882858619093896,"z":-0.0007845008512958884,"w":0.9991941452026367},"size":18.929035186767579,"orthographic":false}