{"cameraMode":{"drawMode":0,"name":"Shaded","section":"Shading Mode"},"sceneLighting":true,"audioPlay":false,"sceneViewState":{"showFog":true,"showMaterialUpdate":false,"showSkybox":true,"showFlares":true,"showImageEffects":true,"showParticleSystems":true},"in2DMode":false,"pivot":{"x":-0.6613292694091797,"y":1.3595194816589356,"z":5.257969379425049},"rotation":{"x":0.01282696146517992,"y":-0.3117864727973938,"z":0.0042090280912816528,"w":0.9500563144683838},"size":9.93517780303955,"orthographic":false}